areaType,areaName,areaCode,date,newCasesBySpecimenDate,cumCasesBySpecimenDate,newFirstEpisodesBySpecimenDate,cumFirstEpisodesBySpecimenDate,newReinfectionsBySpecimenDate,cumReinfectionsBySpecimenDate
region,London,E12000007,2022-05-05,737,2877819,611,2730326,126,147493
region,London,E12000007,2022-05-04,1235,2877082,1040,2729715,195,147367
region,London,E12000007,2022-05-03,1401,2875847,1167,2728675,234,147172
region,London,E12000007,2022-05-02,1355,2874446,1127,2727508,228,146938
region,London,E12000007,2022-05-01,933,2873091,805,2726381,128,146710
region,London,E12000007,2022-04-30,889,2872158,759,2725576,130,146582
region,London,E12000007,2022-04-29,1048,2871269,877,2724817,171,146452
region,London,E12000007,2022-04-28,1159,2870221,986,2723940,173,146281
region,London,E12000007,2022-04-27,1348,2869062,1132,2722954,216,146108
region,London,E12000007,2022-04-26,1329,2867714,1113,2721822,216,145892
region,London,E12000007,2022-04-25,1631,2866385,1351,2720709,280,145676
region,London,E12000007,2022-04-24,1382,2864754,1172,2719358,210,145396
region,London,E12000007,2022-04-23,1220,2863372,1042,2718186,178,145186
region,London,E12000007,2022-04-22,1525,2862152,1312,2717144,213,145008
region,London,E12000007,2022-04-21,1736,2860627,1479,2715832,257,144795
region,London,E12000007,2022-04-20,1993,2858891,1693,2714353,300,144538
region,London,E12000007,2022-04-19,2451,2856898,2044,2712660,407,144238
region,London,E12000007,2022-04-18,2445,2854447,2070,2710616,375,143831
region,London,E12000007,2022-04-17,1731,2852002,1512,2708546,219,143456
region,London,E12000007,2022-04-16,1760,2850271,1563,2707034,197,143237
region,London,E12000007,2022-04-15,1870,2848511,1648,2705471,222,143040
region,London,E12000007,2022-04-14,2408,2846641,2111,2703823,297,142818
region,London,E12000007,2022-04-13,2753,2844233,2414,2701712,339,142521
region,London,E12000007,2022-04-12,3058,2841480,2666,2699298,392,142182
region,London,E12000007,2022-04-11,3283,2838422,2858,2696632,425,141790
region,London,E12000007,2022-04-10,2851,2835139,2537,2693774,314,141365
region,London,E12000007,2022-04-09,2689,2832288,2362,2691237,327,141051
region,London,E12000007,2022-04-08,3218,2829599,2806,2688875,412,140724
region,London,E12000007,2022-04-07,3530,2826381,3094,2686069,436,140312
region,London,E12000007,2022-04-06,4195,2822851,3703,2682975,492,139876
region,London,E12000007,2022-04-05,4632,2818656,4127,2679272,505,139384
region,London,E12000007,2022-04-04,5254,2814024,4643,2675145,611,138879
region,London,E12000007,2022-04-03,3901,2808770,3441,2670502,460,138268
region,London,E12000007,2022-04-02,3771,2804869,3346,2667061,425,137808
region,London,E12000007,2022-04-01,5093,2801098,4498,2663715,595,137383
region,London,E12000007,2022-03-31,5753,2796005,5057,2659217,696,136788
region,London,E12000007,2022-03-30,7908,2790252,6950,2654160,958,136092
region,London,E12000007,2022-03-29,8377,2782344,7377,2647210,1000,135134
region,London,E12000007,2022-03-28,9469,2773967,8308,2639833,1161,134134
region,London,E12000007,2022-03-27,6887,2764498,6090,2631525,797,132973
region,London,E12000007,2022-03-26,6328,2757611,5671,2625435,657,132176
region,London,E12000007,2022-03-25,7562,2751283,6756,2619764,806,131519
region,London,E12000007,2022-03-24,8527,2743721,7556,2613008,971,130713
region,London,E12000007,2022-03-23,9677,2735194,8604,2605452,1073,129742
region,London,E12000007,2022-03-22,10018,2725517,8871,2596848,1147,128669
region,London,E12000007,2022-03-21,10838,2715499,9587,2587977,1251,127522
region,London,E12000007,2022-03-20,7627,2704661,6776,2578390,851,126271
region,London,E12000007,2022-03-19,6600,2697034,5900,2571614,700,125420
region,London,E12000007,2022-03-18,7734,2690434,6891,2565714,843,124720
region,London,E12000007,2022-03-17,8602,2682700,7677,2558823,925,123877
region,London,E12000007,2022-03-16,9277,2674098,8260,2551146,1017,122952
region,London,E12000007,2022-03-15,9361,2664821,8397,2542886,964,121935
region,London,E12000007,2022-03-14,9885,2655460,8846,2534489,1039,120971
region,London,E12000007,2022-03-13,7201,2645575,6432,2525643,769,119932
region,London,E12000007,2022-03-12,6263,2638374,5609,2519211,654,119163
region,London,E12000007,2022-03-11,6811,2632111,6145,2513602,666,118509
region,London,E12000007,2022-03-10,7324,2625300,6542,2507457,782,117843
region,London,E12000007,2022-03-09,7688,2617976,6839,2500915,849,117061
region,London,E12000007,2022-03-08,7213,2610288,6495,2494076,718,116212
region,London,E12000007,2022-03-07,6992,2603075,6278,2487581,714,115494
region,London,E12000007,2022-03-06,5015,2596083,4502,2481303,513,114780
region,London,E12000007,2022-03-05,4220,2591068,3851,2476801,369,114267
region,London,E12000007,2022-03-04,4603,2586848,4188,2472950,415,113898
region,London,E12000007,2022-03-03,4922,2582245,4473,2468762,449,113483
region,London,E12000007,2022-03-02,5186,2577323,4676,2464289,510,113034
region,London,E12000007,2022-03-01,4819,2572137,4396,2459613,423,112524
region,London,E12000007,2022-02-28,4868,2567318,4379,2455217,489,112101
region,London,E12000007,2022-02-27,3201,2562450,2876,2450838,325,111612
region,London,E12000007,2022-02-26,2661,2559249,2413,2447962,248,111287
region,London,E12000007,2022-02-25,3064,2556588,2803,2445549,261,111039
region,London,E12000007,2022-02-24,3460,2553524,3152,2442746,308,110778
region,London,E12000007,2022-02-23,4159,2550064,3804,2439594,355,110470
region,London,E12000007,2022-02-22,4648,2545905,4177,2435790,471,110115
region,London,E12000007,2022-02-21,5416,2541257,4885,2431613,531,109644
region,London,E12000007,2022-02-20,4620,2535841,4191,2426728,429,109113
region,London,E12000007,2022-02-19,4423,2531221,4029,2422537,394,108684
region,London,E12000007,2022-02-18,3408,2526798,3087,2418508,321,108290
region,London,E12000007,2022-02-17,5290,2523390,4821,2415421,469,107969
region,London,E12000007,2022-02-16,6053,2518100,5516,2410600,537,107500
region,London,E12000007,2022-02-15,5778,2512047,5279,2405084,499,106963
region,London,E12000007,2022-02-14,6054,2506269,5511,2399805,543,106464
region,London,E12000007,2022-02-13,4387,2500215,3988,2394294,399,105921
region,London,E12000007,2022-02-12,4347,2495828,3972,2390306,375,105522
region,London,E12000007,2022-02-11,5298,2491481,4843,2386334,455,105147
region,London,E12000007,2022-02-10,6450,2486183,5823,2381491,627,104692
region,London,E12000007,2022-02-09,7792,2479733,7047,2375668,745,104065
region,London,E12000007,2022-02-08,8384,2471941,7606,2368621,778,103320
region,London,E12000007,2022-02-07,9027,2463557,8161,2361015,866,102542
region,London,E12000007,2022-02-06,7069,2454530,6356,2352854,713,101676
region,London,E12000007,2022-02-05,6450,2447461,5848,2346498,602,100963
region,London,E12000007,2022-02-04,7541,2441011,6848,2340650,693,100361
region,London,E12000007,2022-02-03,9219,2433470,8405,2333802,814,99668
region,London,E12000007,2022-02-02,10704,2424251,9707,2325397,997,98854
region,London,E12000007,2022-02-01,11070,2413547,10017,2315690,1053,97857
region,London,E12000007,2022-01-31,11948,2402477,10893,2305673,1055,96804
region,London,E12000007,2022-01-30,9837,2390529,8889,2294780,948,95749
region,London,E12000007,2022-01-29,8726,2380692,7953,2285891,773,94801
region,London,E12000007,2022-01-28,9906,2371966,9022,2277938,884,94028
region,London,E12000007,2022-01-27,11571,2362060,10535,2268916,1036,93144
region,London,E12000007,2022-01-26,13077,2350489,11943,2258381,1134,92108
region,London,E12000007,2022-01-25,13241,2337412,12013,2246438,1228,90974
region,London,E12000007,2022-01-24,14408,2324171,13019,2234425,1389,89746
region,London,E12000007,2022-01-23,11343,2309763,10335,2221406,1008,88357
region,London,E12000007,2022-01-22,9637,2298420,8823,2211071,814,87349
region,London,E12000007,2022-01-21,10712,2288783,9772,2202248,940,86535
region,London,E12000007,2022-01-20,12020,2278071,10928,2192476,1092,85595
region,London,E12000007,2022-01-19,13016,2266051,11876,2181548,1140,84503
region,London,E12000007,2022-01-18,13874,2253035,12689,2169672,1185,83363
region,London,E12000007,2022-01-17,15121,2239161,13835,2156983,1286,82178
region,London,E12000007,2022-01-16,11246,2224040,10292,2143148,954,80892
region,London,E12000007,2022-01-15,9533,2212794,8775,2132856,758,79938
region,London,E12000007,2022-01-14,10512,2203261,9637,2124081,875,79180
region,London,E12000007,2022-01-13,11818,2192749,10861,2114444,957,78305
region,London,E12000007,2022-01-12,12936,2180931,11774,2103583,1162,77348
region,London,E12000007,2022-01-11,14417,2167995,13245,2091809,1172,76186
region,London,E12000007,2022-01-10,16624,2153578,15226,2078564,1398,75014
region,London,E12000007,2022-01-09,12131,2136954,11101,2063338,1030,73616
region,London,E12000007,2022-01-08,12168,2124823,11122,2052237,1046,72586
region,London,E12000007,2022-01-07,15177,2112655,13853,2041115,1324,71540
region,London,E12000007,2022-01-06,22193,2097478,20172,2027262,2021,70216
region,London,E12000007,2022-01-05,25231,2075285,22910,2007090,2321,68195
region,London,E12000007,2022-01-04,32092,2050054,29039,1984180,3053,65874
region,London,E12000007,2022-01-03,26948,2017962,24488,1955141,2460,62821
region,London,E12000007,2022-01-02,21912,1991014,19917,1930653,1995,60361
region,London,E12000007,2022-01-01,13620,1969102,12409,1910736,1211,58366
region,London,E12000007,2021-12-31,22197,1955482,20255,1898327,1942,57155
region,London,E12000007,2021-12-30,29440,1933285,26897,1878072,2543,55213
region,London,E12000007,2021-12-29,36920,1903845,33786,1851175,3134,52670
region,London,E12000007,2021-12-28,28191,1866925,25767,1817389,2424,49536
region,London,E12000007,2021-12-27,28062,1838734,25719,1791622,2343,47112
region,London,E12000007,2021-12-26,18747,1810672,17323,1765903,1424,44769
region,London,E12000007,2021-12-25,11170,1791925,10331,1748580,839,43345
region,London,E12000007,2021-12-24,24100,1780755,22140,1738249,1960,42506
region,London,E12000007,2021-12-23,31069,1756655,28440,1716109,2629,40546
region,London,E12000007,2021-12-22,32163,1725586,29529,1687669,2634,37917
region,London,E12000007,2021-12-21,33935,1693423,31185,1658140,2750,35283
region,London,E12000007,2021-12-20,32668,1659488,29971,1626955,2697,32533
region,London,E12000007,2021-12-19,22609,1626820,20752,1596984,1857,29836
region,London,E12000007,2021-12-18,24959,1604211,22984,1576232,1975,27979
region,London,E12000007,2021-12-17,27161,1579252,24831,1553248,2330,26004
region,London,E12000007,2021-12-16,30049,1552091,27478,1528417,2571,23674
region,London,E12000007,2021-12-15,31007,1522042,28390,1500939,2617,21103
region,London,E12000007,2021-12-14,29564,1491035,27248,1472549,2316,18486
region,London,E12000007,2021-12-13,22843,1461471,21323,1445301,1520,16170
region,London,E12000007,2021-12-12,12254,1438628,11596,1423978,658,14650
region,London,E12000007,2021-12-11,9887,1426374,9358,1412382,529,13992
region,London,E12000007,2021-12-10,10213,1416487,9690,1403024,523,13463
region,London,E12000007,2021-12-09,10325,1406274,9791,1393334,534,12940
region,London,E12000007,2021-12-08,10023,1395949,9506,1383543,517,12406
region,London,E12000007,2021-12-07,9083,1385926,8668,1374037,415,11889
region,London,E12000007,2021-12-06,8555,1376843,8247,1365369,308,11474
region,London,E12000007,2021-12-05,5519,1368288,5381,1357122,138,11166
region,London,E12000007,2021-12-04,5333,1362769,5228,1351741,105,11028
region,London,E12000007,2021-12-03,6092,1357436,5968,1346513,124,10923
region,London,E12000007,2021-12-02,6521,1351344,6403,1340545,118,10799
region,London,E12000007,2021-12-01,7050,1344823,6939,1334142,111,10681
region,London,E12000007,2021-11-30,6833,1337773,6718,1327203,115,10570
region,London,E12000007,2021-11-29,6858,1330940,6735,1320485,123,10455
region,London,E12000007,2021-11-28,4381,1324082,4307,1313750,74,10332
region,London,E12000007,2021-11-27,4335,1319701,4265,1309443,70,10258
region,London,E12000007,2021-11-26,4609,1315366,4541,1305178,68,10188
region,London,E12000007,2021-11-25,5185,1310757,5106,1300637,79,10120
region,London,E12000007,2021-11-24,5400,1305572,5305,1295531,95,10041
region,London,E12000007,2021-11-23,5289,1300172,5206,1290226,83,9946
region,London,E12000007,2021-11-22,5406,1294883,5333,1285020,73,9863
region,London,E12000007,2021-11-21,3831,1289477,3786,1279687,45,9790
region,London,E12000007,2021-11-20,3702,1285646,3644,1275901,58,9745
region,London,E12000007,2021-11-19,3943,1281944,3896,1272257,47,9687
region,London,E12000007,2021-11-18,4500,1278001,4426,1268361,74,9640
region,London,E12000007,2021-11-17,4499,1273501,4438,1263935,61,9566
region,London,E12000007,2021-11-16,4455,1269002,4386,1259497,69,9505
region,London,E12000007,2021-11-15,5148,1264547,5069,1255111,79,9436
region,London,E12000007,2021-11-14,3261,1259399,3210,1250042,51,9357
region,London,E12000007,2021-11-13,3235,1256138,3195,1246832,40,9306
region,London,E12000007,2021-11-12,3685,1252903,3619,1243637,66,9266
region,London,E12000007,2021-11-11,3922,1249218,3862,1240018,60,9200
region,London,E12000007,2021-11-10,4131,1245296,4057,1236156,74,9140
region,London,E12000007,2021-11-09,4009,1241165,3942,1232099,67,9066
region,London,E12000007,2021-11-08,3991,1237156,3914,1228157,77,8999
region,London,E12000007,2021-11-07,2814,1233165,2760,1224243,54,8922
region,London,E12000007,2021-11-06,2537,1230351,2496,1221483,41,8868
region,London,E12000007,2021-11-05,2782,1227814,2715,1218987,67,8827
region,London,E12000007,2021-11-04,3076,1225032,3041,1216272,35,8760
region,London,E12000007,2021-11-03,3289,1221956,3249,1213231,40,8725
region,London,E12000007,2021-11-02,3452,1218667,3395,1209982,57,8685
region,London,E12000007,2021-11-01,3915,1215215,3846,1206587,69,8628
region,London,E12000007,2021-10-31,2999,1211300,2936,1202741,63,8559
region,London,E12000007,2021-10-30,2906,1208301,2876,1199805,30,8496
region,London,E12000007,2021-10-29,3450,1205395,3392,1196929,58,8466
region,London,E12000007,2021-10-28,3616,1201945,3564,1193537,52,8408
region,London,E12000007,2021-10-27,3754,1198329,3702,1189973,52,8356
region,London,E12000007,2021-10-26,3513,1194575,3468,1186271,45,8304
region,London,E12000007,2021-10-25,4022,1191062,3953,1182803,69,8259
region,London,E12000007,2021-10-24,2836,1187040,2799,1178850,37,8190
region,London,E12000007,2021-10-23,2893,1184204,2853,1176051,40,8153
region,London,E12000007,2021-10-22,3523,1181311,3464,1173198,59,8113
region,London,E12000007,2021-10-21,3968,1177788,3913,1169734,55,8054
region,London,E12000007,2021-10-20,4361,1173820,4299,1165821,62,7999
region,London,E12000007,2021-10-19,4455,1169459,4379,1161522,76,7937
region,London,E12000007,2021-10-18,4566,1165004,4499,1157143,67,7861
region,London,E12000007,2021-10-17,3361,1160438,3313,1152644,48,7794
region,London,E12000007,2021-10-16,2806,1157077,2770,1149331,36,7746
region,London,E12000007,2021-10-15,3321,1154271,3267,1146561,54,7710
region,London,E12000007,2021-10-14,3470,1150950,3418,1143294,52,7656
region,London,E12000007,2021-10-13,3571,1147480,3530,1139876,41,7604
region,London,E12000007,2021-10-12,3421,1143909,3383,1136346,38,7563
region,London,E12000007,2021-10-11,3887,1140488,3844,1132963,43,7525
region,London,E12000007,2021-10-10,2781,1136601,2744,1129119,37,7482
region,London,E12000007,2021-10-09,2487,1133820,2446,1126375,41,7445
region,London,E12000007,2021-10-08,2700,1131333,2668,1123929,32,7404
region,London,E12000007,2021-10-07,2972,1128633,2934,1121261,38,7372
region,London,E12000007,2021-10-06,2862,1125661,2830,1118327,32,7334
region,London,E12000007,2021-10-05,3123,1122799,3076,1115497,47,7302
region,London,E12000007,2021-10-04,3363,1119676,3317,1112421,46,7255
region,London,E12000007,2021-10-03,2570,1116313,2533,1109104,37,7209
region,London,E12000007,2021-10-02,2201,1113743,2167,1106571,34,7172
region,London,E12000007,2021-10-01,2231,1111542,2202,1104404,29,7138
region,London,E12000007,2021-09-30,2645,1109311,2617,1102202,28,7109
region,London,E12000007,2021-09-29,2826,1106666,2796,1099585,30,7081
region,London,E12000007,2021-09-28,2840,1103840,2810,1096789,30,7051
region,London,E12000007,2021-09-27,3514,1101000,3458,1093979,56,7021
region,London,E12000007,2021-09-26,2552,1097486,2511,1090521,41,6965
region,London,E12000007,2021-09-25,2333,1094934,2306,1088010,27,6924
region,London,E12000007,2021-09-24,2435,1092601,2388,1085704,47,6897
region,London,E12000007,2021-09-23,2793,1090166,2739,1083316,54,6850
region,London,E12000007,2021-09-22,2867,1087373,2822,1080577,45,6796
region,London,E12000007,2021-09-21,2969,1084506,2920,1077755,49,6751
region,London,E12000007,2021-09-20,3177,1081537,3126,1074835,51,6702
region,London,E12000007,2021-09-19,2378,1078360,2343,1071709,35,6651
region,London,E12000007,2021-09-18,2165,1075982,2122,1069366,43,6616
region,London,E12000007,2021-09-17,2415,1073817,2380,1067244,35,6573
region,London,E12000007,2021-09-16,2394,1071402,2354,1064864,40,6538
region,London,E12000007,2021-09-15,2477,1069008,2443,1062510,34,6498
region,London,E12000007,2021-09-14,2641,1066531,2611,1060067,30,6464
region,London,E12000007,2021-09-13,2860,1063890,2820,1057456,40,6434
region,London,E12000007,2021-09-12,2064,1061030,2025,1054636,39,6394
region,London,E12000007,2021-09-11,2227,1058966,2191,1052611,36,6355
region,London,E12000007,2021-09-10,2569,1056739,2532,1050420,37,6319
region,London,E12000007,2021-09-09,2805,1054170,2762,1047888,43,6282
region,London,E12000007,2021-09-08,3214,1051365,3162,1045126,52,6239
region,London,E12000007,2021-09-07,3462,1048151,3410,1041964,52,6187
region,London,E12000007,2021-09-06,3892,1044689,3824,1038554,68,6135
region,London,E12000007,2021-09-05,2706,1040797,2658,1034730,48,6067
region,London,E12000007,2021-09-04,2756,1038091,2722,1032072,34,6019
region,London,E12000007,2021-09-03,3531,1035335,3482,1029350,49,5985
region,London,E12000007,2021-09-02,3811,1031804,3754,1025868,57,5936
region,London,E12000007,2021-09-01,3677,1027993,3621,1022114,56,5879
region,London,E12000007,2021-08-31,3810,1024316,3734,1018493,76,5823
region,London,E12000007,2021-08-30,2873,1020506,2834,1014759,39,5747
region,London,E12000007,2021-08-29,2286,1017633,2251,1011925,35,5708
region,London,E12000007,2021-08-28,2645,1015347,2599,1009674,46,5673
region,London,E12000007,2021-08-27,3140,1012702,3101,1007075,39,5627
region,London,E12000007,2021-08-26,3246,1009562,3207,1003974,39,5588
region,London,E12000007,2021-08-25,3525,1006316,3470,1000767,55,5549
region,London,E12000007,2021-08-24,3516,1002791,3462,997297,54,5494
region,London,E12000007,2021-08-23,3657,999275,3607,993835,50,5440
region,London,E12000007,2021-08-22,2721,995618,2676,990228,45,5390
region,London,E12000007,2021-08-21,2727,992897,2684,987552,43,5345
region,London,E12000007,2021-08-20,3167,990170,3125,984868,42,5302
region,London,E12000007,2021-08-19,3625,987003,3576,981743,49,5260
region,London,E12000007,2021-08-18,3803,983378,3728,978167,75,5211
region,London,E12000007,2021-08-17,3824,979575,3755,974439,69,5136
region,London,E12000007,2021-08-16,3926,975751,3871,970684,55,5067
region,London,E12000007,2021-08-15,2759,971825,2727,966813,32,5012
region,London,E12000007,2021-08-14,2948,969066,2911,964086,37,4980
region,London,E12000007,2021-08-13,3761,966118,3708,961175,53,4943
region,London,E12000007,2021-08-12,4017,962357,3955,957467,62,4890
region,London,E12000007,2021-08-11,4369,958340,4319,953512,50,4828
region,London,E12000007,2021-08-10,3928,953971,3866,949193,62,4778
region,London,E12000007,2021-08-09,3877,950043,3819,945327,58,4716
region,London,E12000007,2021-08-08,2914,946166,2876,941508,38,4658
region,London,E12000007,2021-08-07,3015,943252,2969,938632,46,4620
region,London,E12000007,2021-08-06,3731,940237,3673,935663,58,4574
region,London,E12000007,2021-08-05,4295,936506,4228,931990,67,4516
region,London,E12000007,2021-08-04,4294,932211,4242,927762,52,4449
region,London,E12000007,2021-08-03,4021,927917,3962,923520,59,4397
region,London,E12000007,2021-08-02,3987,923896,3938,919558,49,4338
region,London,E12000007,2021-08-01,2693,919909,2661,915620,32,4289
region,London,E12000007,2021-07-31,2669,917216,2628,912959,41,4257
region,London,E12000007,2021-07-30,3356,914547,3306,910331,50,4216
region,London,E12000007,2021-07-29,3901,911191,3853,907025,48,4166
region,London,E12000007,2021-07-28,3964,907290,3912,903172,52,4118
region,London,E12000007,2021-07-27,3905,903326,3851,899260,54,4066
region,London,E12000007,2021-07-26,4042,899421,3987,895409,55,4012
region,London,E12000007,2021-07-25,2881,895379,2845,891422,36,3957
region,London,E12000007,2021-07-24,3117,892498,3079,888577,38,3921
region,London,E12000007,2021-07-23,3927,889381,3888,885498,39,3883
region,London,E12000007,2021-07-22,4313,885454,4262,881610,51,3844
region,London,E12000007,2021-07-21,4783,881141,4727,877348,56,3793
region,London,E12000007,2021-07-20,5159,876358,5079,872621,80,3737
region,London,E12000007,2021-07-19,6135,871199,6056,867542,79,3657
region,London,E12000007,2021-07-18,4523,865064,4463,861486,60,3578
region,London,E12000007,2021-07-17,5079,860541,5014,857023,65,3518
region,London,E12000007,2021-07-16,7136,855462,7060,852009,76,3453
region,London,E12000007,2021-07-15,7817,848326,7721,844949,96,3377
region,London,E12000007,2021-07-14,6573,840509,6470,837228,103,3281
region,London,E12000007,2021-07-13,5309,833936,5237,830758,72,3178
region,London,E12000007,2021-07-12,4968,828627,4918,825521,50,3106
region,London,E12000007,2021-07-11,3283,823659,3245,820603,38,3056
region,London,E12000007,2021-07-10,3250,820376,3203,817358,47,3018
region,London,E12000007,2021-07-09,3654,817126,3605,814155,49,2971
region,London,E12000007,2021-07-08,3686,813472,3624,810550,62,2922
region,London,E12000007,2021-07-07,4500,809786,4449,806926,51,2860
region,London,E12000007,2021-07-06,4022,805286,3968,802477,54,2809
region,London,E12000007,2021-07-05,3860,801264,3797,798509,63,2755
region,London,E12000007,2021-07-04,2633,797404,2594,794712,39,2692
region,London,E12000007,2021-07-03,2683,794771,2645,792118,38,2653
region,London,E12000007,2021-07-02,2944,792088,2905,789473,39,2615
region,London,E12000007,2021-07-01,3098,789144,3049,786568,49,2576
region,London,E12000007,2021-06-30,3082,786046,3040,783519,42,2527
region,London,E12000007,2021-06-29,2996,782964,2961,780479,35,2485
region,London,E12000007,2021-06-28,2873,779968,2835,777518,38,2450
region,London,E12000007,2021-06-27,1890,777095,1867,774683,23,2412
region,London,E12000007,2021-06-26,1722,775205,1701,772816,21,2389
region,London,E12000007,2021-06-25,2057,773483,2025,771115,32,2368
region,London,E12000007,2021-06-24,1959,771426,1926,769090,33,2336
region,London,E12000007,2021-06-23,1971,769467,1949,767164,22,2303
region,London,E12000007,2021-06-22,1787,767496,1763,765215,24,2281
region,London,E12000007,2021-06-21,1654,765709,1630,763452,24,2257
region,London,E12000007,2021-06-20,971,764055,957,761822,14,2233
region,London,E12000007,2021-06-19,924,763084,904,760865,20,2219
region,London,E12000007,2021-06-18,1038,762160,1017,759961,21,2199
region,London,E12000007,2021-06-17,1300,761122,1273,758944,27,2178
region,London,E12000007,2021-06-16,1163,759822,1145,757671,18,2151
region,London,E12000007,2021-06-15,1300,758659,1267,756526,33,2133
region,London,E12000007,2021-06-14,1208,757359,1188,755259,20,2100
region,London,E12000007,2021-06-13,767,756151,753,754071,14,2080
region,London,E12000007,2021-06-12,772,755384,756,753318,16,2066
region,London,E12000007,2021-06-11,938,754612,919,752562,19,2050
region,London,E12000007,2021-06-10,996,753674,977,751643,19,2031
region,London,E12000007,2021-06-09,1077,752678,1056,750666,21,2012
region,London,E12000007,2021-06-08,1095,751601,1066,749610,29,1991
region,London,E12000007,2021-06-07,1017,750506,997,748544,20,1962
region,London,E12000007,2021-06-06,667,749489,651,747547,16,1942
region,London,E12000007,2021-06-05,598,748822,592,746896,6,1926
region,London,E12000007,2021-06-04,703,748224,693,746304,10,1920
region,London,E12000007,2021-06-03,797,747521,777,745611,20,1910
region,London,E12000007,2021-06-02,814,746724,802,744834,12,1890
region,London,E12000007,2021-06-01,713,745910,692,744032,21,1878
region,London,E12000007,2021-05-31,515,745197,501,743340,14,1857
region,London,E12000007,2021-05-30,401,744682,393,742839,8,1843
region,London,E12000007,2021-05-29,385,744281,380,742446,5,1835
region,London,E12000007,2021-05-28,430,743896,415,742066,15,1830
region,London,E12000007,2021-05-27,520,743466,504,741651,16,1815
region,London,E12000007,2021-05-26,485,742946,476,741147,9,1799
region,London,E12000007,2021-05-25,424,742461,407,740671,17,1790
region,London,E12000007,2021-05-24,380,742037,366,740264,14,1773
region,London,E12000007,2021-05-23,281,741657,271,739898,10,1759
region,London,E12000007,2021-05-22,249,741376,235,739627,14,1749
region,London,E12000007,2021-05-21,273,741127,264,739392,9,1735
region,London,E12000007,2021-05-20,329,740854,317,739128,12,1726
region,London,E12000007,2021-05-19,360,740525,342,738811,18,1714
region,London,E12000007,2021-05-18,329,740165,320,738469,9,1696
region,London,E12000007,2021-05-17,340,739836,329,738149,11,1687
region,London,E12000007,2021-05-16,224,739496,214,737820,10,1676
region,London,E12000007,2021-05-15,194,739272,186,737606,8,1666
region,London,E12000007,2021-05-14,251,739078,240,737420,11,1658
region,London,E12000007,2021-05-13,263,738827,250,737180,13,1647
region,London,E12000007,2021-05-12,233,738564,225,736930,8,1634
region,London,E12000007,2021-05-11,298,738331,286,736705,12,1626
region,London,E12000007,2021-05-10,362,738033,350,736419,12,1614
region,London,E12000007,2021-05-09,287,737671,270,736069,17,1602
region,London,E12000007,2021-05-08,191,737384,185,735799,6,1585
region,London,E12000007,2021-05-07,237,737193,230,735614,7,1579
region,London,E12000007,2021-05-06,300,736956,286,735384,14,1572
region,London,E12000007,2021-05-05,283,736656,274,735098,9,1558
region,London,E12000007,2021-05-04,316,736373,304,734824,12,1549
region,London,E12000007,2021-05-03,250,736057,243,734520,7,1537
region,London,E12000007,2021-05-02,183,735807,174,734277,9,1530
region,London,E12000007,2021-05-01,187,735624,177,734103,10,1521
region,London,E12000007,2021-04-30,240,735437,228,733926,12,1511
region,London,E12000007,2021-04-29,216,735197,203,733698,13,1499
region,London,E12000007,2021-04-28,307,734981,292,733495,15,1486
region,London,E12000007,2021-04-27,286,734674,276,733203,10,1471
region,London,E12000007,2021-04-26,325,734388,308,732927,17,1461
region,London,E12000007,2021-04-25,281,734063,272,732619,9,1444
region,London,E12000007,2021-04-24,247,733782,235,732347,12,1435
region,London,E12000007,2021-04-23,250,733535,241,732112,9,1423
region,London,E12000007,2021-04-22,327,733285,308,731871,19,1414
region,London,E12000007,2021-04-21,389,732958,363,731563,26,1395
region,London,E12000007,2021-04-20,377,732569,353,731200,24,1369
region,London,E12000007,2021-04-19,395,732192,375,730847,20,1345
region,London,E12000007,2021-04-18,395,731797,377,730472,18,1325
region,London,E12000007,2021-04-17,231,731402,222,730095,9,1307
region,London,E12000007,2021-04-16,332,731171,321,729873,11,1298
region,London,E12000007,2021-04-15,321,730839,309,729552,12,1287
region,London,E12000007,2021-04-14,295,730518,286,729243,9,1275
region,London,E12000007,2021-04-13,303,730223,292,728957,11,1266
region,London,E12000007,2021-04-12,353,729920,341,728665,12,1255
region,London,E12000007,2021-04-11,312,729567,307,728324,5,1243
region,London,E12000007,2021-04-10,293,729255,286,728017,7,1238
region,London,E12000007,2021-04-09,376,728962,366,727731,10,1231
region,London,E12000007,2021-04-08,330,728586,322,727365,8,1221
region,London,E12000007,2021-04-07,372,728256,357,727043,15,1213
region,London,E12000007,2021-04-06,359,727884,345,726686,14,1198
region,London,E12000007,2021-04-05,262,727525,254,726341,8,1184
region,London,E12000007,2021-04-04,221,727263,217,726087,4,1176
region,London,E12000007,2021-04-03,252,727042,248,725870,4,1172
region,London,E12000007,2021-04-02,271,726790,264,725622,7,1168
region,London,E12000007,2021-04-01,370,726519,359,725358,11,1161
region,London,E12000007,2021-03-31,322,726149,315,724999,7,1150
region,London,E12000007,2021-03-30,384,725827,380,724684,4,1143
region,London,E12000007,2021-03-29,428,725443,421,724304,7,1139
region,London,E12000007,2021-03-28,530,725015,518,723883,12,1132
region,London,E12000007,2021-03-27,322,724485,317,723365,5,1120
region,London,E12000007,2021-03-26,457,724163,447,723048,10,1115
region,London,E12000007,2021-03-25,471,723706,461,722601,10,1105
region,London,E12000007,2021-03-24,636,723235,625,722140,11,1095
region,London,E12000007,2021-03-23,489,722599,486,721515,3,1084
region,London,E12000007,2021-03-22,553,722110,546,721029,7,1081
region,London,E12000007,2021-03-21,479,721557,470,720483,9,1074
region,London,E12000007,2021-03-20,387,721078,386,720013,1,1065
region,London,E12000007,2021-03-19,452,720691,450,719627,2,1064
region,London,E12000007,2021-03-18,485,720239,484,719177,1,1062
region,London,E12000007,2021-03-17,477,719754,473,718693,4,1061
region,London,E12000007,2021-03-16,522,719277,518,718220,4,1057
region,London,E12000007,2021-03-15,617,718755,612,717702,5,1053
region,London,E12000007,2021-03-14,372,718138,368,717090,4,1048
region,London,E12000007,2021-03-13,383,717766,380,716722,3,1044
region,London,E12000007,2021-03-12,528,717383,524,716342,4,1041
region,London,E12000007,2021-03-11,472,716855,467,715818,5,1037
region,London,E12000007,2021-03-10,545,716383,544,715351,1,1032
region,London,E12000007,2021-03-09,616,715838,609,714807,7,1031
region,London,E12000007,2021-03-08,581,715222,575,714198,6,1024
region,London,E12000007,2021-03-07,425,714641,424,713623,1,1018
region,London,E12000007,2021-03-06,416,714216,414,713199,2,1017
region,London,E12000007,2021-03-05,515,713800,514,712785,1,1015
region,London,E12000007,2021-03-04,534,713285,528,712271,6,1014
region,London,E12000007,2021-03-03,596,712751,593,711743,3,1008
region,London,E12000007,2021-03-02,678,712155,672,711150,6,1005
region,London,E12000007,2021-03-01,576,711477,567,710478,9,999
region,London,E12000007,2021-02-28,499,710901,496,709911,3,990
region,London,E12000007,2021-02-27,528,710402,525,709415,3,987
region,London,E12000007,2021-02-26,642,709874,637,708890,5,984
region,London,E12000007,2021-02-25,665,709232,664,708253,1,979
region,London,E12000007,2021-02-24,763,708567,756,707589,7,978
region,London,E12000007,2021-02-23,957,707804,952,706833,5,971
region,London,E12000007,2021-02-22,1045,706847,1038,705881,7,966
region,London,E12000007,2021-02-21,763,705802,760,704843,3,959
region,London,E12000007,2021-02-20,823,705039,819,704083,4,956
region,London,E12000007,2021-02-19,1060,704216,1053,703264,7,952
region,London,E12000007,2021-02-18,1144,703156,1137,702211,7,945
region,London,E12000007,2021-02-17,1129,702012,1126,701074,3,938
region,London,E12000007,2021-02-16,1231,700883,1225,699948,6,935
region,London,E12000007,2021-02-15,1427,699652,1422,698723,5,929
region,London,E12000007,2021-02-14,915,698225,912,697301,3,924
region,London,E12000007,2021-02-13,897,697310,895,696389,2,921
region,London,E12000007,2021-02-12,1315,696413,1308,695494,7,919
region,London,E12000007,2021-02-11,1485,695098,1479,694186,6,912
region,London,E12000007,2021-02-10,1575,693613,1569,692707,6,906
region,London,E12000007,2021-02-09,1704,692038,1698,691138,6,900
region,London,E12000007,2021-02-08,1859,690334,1847,689440,12,894
region,London,E12000007,2021-02-07,1383,688475,1379,687593,4,882
region,London,E12000007,2021-02-06,1591,687092,1586,686214,5,878
region,London,E12000007,2021-02-05,2186,685501,2176,684628,10,873
region,London,E12000007,2021-02-04,2538,683315,2528,682452,10,863
region,London,E12000007,2021-02-03,2779,680777,2771,679924,8,853
region,London,E12000007,2021-02-02,3020,677998,3015,677153,5,845
region,London,E12000007,2021-02-01,3376,674978,3364,674138,12,840
region,London,E12000007,2021-01-31,2288,671602,2286,670774,2,828
region,London,E12000007,2021-01-30,2715,669314,2711,668488,4,826
region,London,E12000007,2021-01-29,3498,666599,3491,665777,7,822
region,London,E12000007,2021-01-28,3972,663101,3961,662286,11,815
region,London,E12000007,2021-01-27,4314,659129,4303,658325,11,804
region,London,E12000007,2021-01-26,4293,654815,4281,654022,12,793
region,London,E12000007,2021-01-25,5104,650522,5096,649741,8,781
region,London,E12000007,2021-01-24,3199,645418,3194,644645,5,773
region,London,E12000007,2021-01-23,4259,642219,4253,641451,6,768
region,London,E12000007,2021-01-22,5740,637960,5728,637198,12,762
region,London,E12000007,2021-01-21,5944,632220,5934,631470,10,750
region,London,E12000007,2021-01-20,6377,626276,6366,625536,11,740
region,London,E12000007,2021-01-19,7213,619899,7203,619170,10,729
region,London,E12000007,2021-01-18,8516,612686,8496,611967,20,719
region,London,E12000007,2021-01-17,5523,604170,5513,603471,10,699
region,London,E12000007,2021-01-16,6311,598647,6306,597958,5,689
region,London,E12000007,2021-01-15,8397,592336,8387,591652,10,684
region,London,E12000007,2021-01-14,9159,583939,9145,583265,14,674
region,London,E12000007,2021-01-13,9508,574780,9500,574120,8,660
region,London,E12000007,2021-01-12,10081,565272,10058,564620,23,652
region,London,E12000007,2021-01-11,11844,555191,11821,554562,23,629
region,London,E12000007,2021-01-10,7641,543347,7637,542741,4,606
region,London,E12000007,2021-01-09,8960,535706,8948,535104,12,602
region,London,E12000007,2021-01-08,10769,526746,10759,526156,10,590
region,London,E12000007,2021-01-07,12354,515977,12344,515397,10,580
region,London,E12000007,2021-01-06,13885,503623,13864,503053,21,570
region,London,E12000007,2021-01-05,14895,489738,14876,489189,19,549
region,London,E12000007,2021-01-04,17652,474843,17627,474313,25,530
region,London,E12000007,2021-01-03,13396,457191,13391,456686,5,505
region,London,E12000007,2021-01-02,13941,443795,13923,443295,18,500
region,London,E12000007,2021-01-01,6889,429854,6885,429372,4,482
region,London,E12000007,2020-12-31,12667,422965,12654,422487,13,478
region,London,E12000007,2020-12-30,17658,410298,17638,409833,20,465
region,London,E12000007,2020-12-29,20265,392640,20243,392195,22,445
region,London,E12000007,2020-12-28,10880,372375,10873,371952,7,423
region,London,E12000007,2020-12-27,13364,361495,13356,361079,8,416
region,London,E12000007,2020-12-26,12085,348131,12074,347723,11,408
region,London,E12000007,2020-12-25,4413,336046,4409,335649,4,397
region,London,E12000007,2020-12-24,9594,331633,9587,331240,7,393
region,London,E12000007,2020-12-23,12532,322039,12522,321653,10,386
region,London,E12000007,2020-12-22,13569,309507,13556,309131,13,376
region,London,E12000007,2020-12-21,13495,295938,13483,295575,12,363
region,London,E12000007,2020-12-20,9078,282443,9070,282092,8,351
region,London,E12000007,2020-12-19,7289,273365,7285,273022,4,343
region,London,E12000007,2020-12-18,11002,266076,10990,265737,12,339
region,London,E12000007,2020-12-17,10317,255074,10306,254747,11,327
region,London,E12000007,2020-12-16,10165,244757,10155,244441,10,316
region,London,E12000007,2020-12-15,8974,234592,8970,234286,4,306
region,London,E12000007,2020-12-14,8438,225618,8435,225316,3,302
region,London,E12000007,2020-12-13,5571,217180,5568,216881,3,299
region,London,E12000007,2020-12-12,4749,211609,4740,211313,9,296
region,London,E12000007,2020-12-11,5538,206860,5535,206573,3,287
region,London,E12000007,2020-12-10,5080,201322,5074,201038,6,284
region,London,E12000007,2020-12-09,4462,196242,4458,195964,4,278
region,London,E12000007,2020-12-08,3759,191780,3754,191506,5,274
region,London,E12000007,2020-12-07,3749,188021,3746,187752,3,269
region,London,E12000007,2020-12-06,2445,184272,2445,184006,0,266
region,London,E12000007,2020-12-05,2277,181827,2276,181561,1,266
region,London,E12000007,2020-12-04,2964,179550,2960,179285,4,265
region,London,E12000007,2020-12-03,2487,176586,2485,176325,2,261
region,London,E12000007,2020-12-02,2839,174099,2833,173840,6,259
region,London,E12000007,2020-12-01,2489,171260,2488,171007,1,253
region,London,E12000007,2020-11-30,2720,168771,2716,168519,4,252
region,London,E12000007,2020-11-29,1670,166051,1669,165803,1,248
region,London,E12000007,2020-11-28,1654,164381,1654,164134,0,247
region,London,E12000007,2020-11-27,2234,162727,2230,162480,4,247
region,London,E12000007,2020-11-26,2092,160493,2092,160250,0,243
region,London,E12000007,2020-11-25,2265,158401,2265,158158,0,243
region,London,E12000007,2020-11-24,2179,156136,2178,155893,1,243
region,London,E12000007,2020-11-23,2430,153957,2424,153715,6,242
region,London,E12000007,2020-11-22,1508,151527,1508,151291,0,236
region,London,E12000007,2020-11-21,1514,150019,1512,149783,2,236
region,London,E12000007,2020-11-20,2152,148505,2148,148271,4,234
region,London,E12000007,2020-11-19,2212,146353,2209,146123,3,230
region,London,E12000007,2020-11-18,2488,144141,2486,143914,2,227
region,London,E12000007,2020-11-17,2597,141653,2596,141428,1,225
region,London,E12000007,2020-11-16,3117,139056,3115,138832,2,224
region,London,E12000007,2020-11-15,1830,135939,1828,135717,2,222
region,London,E12000007,2020-11-14,1960,134109,1960,133889,0,220
region,London,E12000007,2020-11-13,2744,132149,2741,131929,3,220
region,London,E12000007,2020-11-12,2890,129405,2887,129188,3,217
region,London,E12000007,2020-11-11,2961,126515,2958,126301,3,214
region,London,E12000007,2020-11-10,2776,123554,2774,123343,2,211
region,London,E12000007,2020-11-09,3128,120778,3125,120569,3,209
region,London,E12000007,2020-11-08,1792,117650,1789,117444,3,206
region,London,E12000007,2020-11-07,1667,115858,1667,115655,0,203
region,London,E12000007,2020-11-06,2145,114191,2144,113988,1,203
region,London,E12000007,2020-11-05,2115,112046,2112,111844,3,202
region,London,E12000007,2020-11-04,2084,109931,2081,109732,3,199
region,London,E12000007,2020-11-03,2162,107847,2158,107651,4,196
region,London,E12000007,2020-11-02,2965,105685,2962,105493,3,192
region,London,E12000007,2020-11-01,1226,102720,1222,102531,4,189
region,London,E12000007,2020-10-31,1403,101494,1403,101309,0,185
region,London,E12000007,2020-10-30,1895,100091,1894,99906,1,185
region,London,E12000007,2020-10-29,2030,98196,2029,98012,1,184
region,London,E12000007,2020-10-28,1996,96166,1995,95983,1,183
region,London,E12000007,2020-10-27,2111,94170,2107,93988,4,182
region,London,E12000007,2020-10-26,2561,92059,2558,91881,3,178
region,London,E12000007,2020-10-25,1303,89498,1302,89323,1,175
region,London,E12000007,2020-10-24,1458,88195,1457,88021,1,174
region,London,E12000007,2020-10-23,2043,86737,2042,86564,1,173
region,London,E12000007,2020-10-22,2200,84694,2200,84522,0,172
region,London,E12000007,2020-10-21,2376,82494,2376,82322,0,172
region,London,E12000007,2020-10-20,2336,80118,2332,79946,4,172
region,London,E12000007,2020-10-19,2359,77782,2359,77614,0,168
region,London,E12000007,2020-10-18,1308,75423,1304,75255,4,168
region,London,E12000007,2020-10-17,1117,74115,1114,73951,3,164
region,London,E12000007,2020-10-16,1685,72998,1679,72837,6,161
region,London,E12000007,2020-10-15,1740,71313,1737,71158,3,155
region,London,E12000007,2020-10-14,1638,69573,1636,69421,2,152
region,London,E12000007,2020-10-13,1440,67935,1434,67785,6,150
region,London,E12000007,2020-10-12,1590,66495,1585,66351,5,144
region,London,E12000007,2020-10-11,745,64905,745,64766,0,139
region,London,E12000007,2020-10-10,881,64160,881,64021,0,139
region,London,E12000007,2020-10-09,1362,63279,1356,63140,6,139
region,London,E12000007,2020-10-08,1481,61917,1481,61784,0,133
region,London,E12000007,2020-10-07,1425,60436,1423,60303,2,133
region,London,E12000007,2020-10-06,1168,59011,1168,58880,0,131
region,London,E12000007,2020-10-05,1298,57843,1297,57712,1,131
region,London,E12000007,2020-10-04,834,56545,834,56415,0,130
region,London,E12000007,2020-10-03,800,55711,797,55581,3,130
region,London,E12000007,2020-10-02,1040,54911,1038,54784,2,127
region,London,E12000007,2020-10-01,1076,53871,1075,53746,1,125
region,London,E12000007,2020-09-30,1006,52795,1003,52671,3,124
region,London,E12000007,2020-09-29,705,51789,699,51668,6,121
region,London,E12000007,2020-09-28,744,51084,740,50969,4,115
region,London,E12000007,2020-09-27,535,50340,534,50229,1,111
region,London,E12000007,2020-09-26,552,49805,552,49695,0,110
region,London,E12000007,2020-09-25,607,49253,606,49143,1,110
region,London,E12000007,2020-09-24,602,48646,600,48537,2,109
region,London,E12000007,2020-09-23,658,48044,657,47937,1,107
region,London,E12000007,2020-09-22,525,47386,523,47280,2,106
region,London,E12000007,2020-09-21,434,46861,431,46757,3,104
region,London,E12000007,2020-09-20,415,46427,413,46326,2,101
region,London,E12000007,2020-09-19,342,46012,342,45913,0,99
region,London,E12000007,2020-09-18,386,45670,382,45571,4,99
region,London,E12000007,2020-09-17,328,45284,325,45189,3,95
region,London,E12000007,2020-09-16,294,44956,293,44864,1,92
region,London,E12000007,2020-09-15,272,44662,268,44571,4,91
region,London,E12000007,2020-09-14,304,44390,301,44303,3,87
region,London,E12000007,2020-09-13,112,44086,112,44002,0,84
region,London,E12000007,2020-09-12,232,43974,232,43890,0,84
region,London,E12000007,2020-09-11,335,43742,332,43658,3,84
region,London,E12000007,2020-09-10,397,43407,396,43326,1,81
region,London,E12000007,2020-09-09,347,43010,344,42930,3,80
region,London,E12000007,2020-09-08,351,42663,349,42586,2,77
region,London,E12000007,2020-09-07,464,42312,463,42237,1,75
region,London,E12000007,2020-09-06,209,41848,209,41774,0,74
region,London,E12000007,2020-09-05,271,41639,270,41565,1,74
region,London,E12000007,2020-09-04,359,41368,358,41295,1,73
region,London,E12000007,2020-09-03,348,41009,346,40937,2,72
region,London,E12000007,2020-09-02,343,40661,337,40591,6,70
region,London,E12000007,2020-09-01,316,40318,315,40254,1,64
region,London,E12000007,2020-08-31,217,40002,217,39939,0,63
region,London,E12000007,2020-08-30,132,39785,132,39722,0,63
region,London,E12000007,2020-08-29,139,39653,138,39590,1,63
region,London,E12000007,2020-08-28,223,39514,221,39452,2,62
region,London,E12000007,2020-08-27,232,39291,231,39231,1,60
region,London,E12000007,2020-08-26,165,39059,164,39000,1,59
region,London,E12000007,2020-08-25,170,38894,169,38836,1,58
region,London,E12000007,2020-08-24,198,38724,198,38667,0,57
region,London,E12000007,2020-08-23,141,38526,141,38469,0,57
region,London,E12000007,2020-08-22,120,38385,120,38328,0,57
region,London,E12000007,2020-08-21,170,38265,169,38208,1,57
region,London,E12000007,2020-08-20,208,38095,206,38039,2,56
region,London,E12000007,2020-08-19,154,37887,154,37833,0,54
region,London,E12000007,2020-08-18,184,37733,183,37679,1,54
region,London,E12000007,2020-08-17,190,37549,190,37496,0,53
region,London,E12000007,2020-08-16,88,37359,87,37306,1,53
region,London,E12000007,2020-08-15,106,37271,106,37219,0,52
region,London,E12000007,2020-08-14,131,37165,128,37113,3,52
region,London,E12000007,2020-08-13,126,37034,126,36985,0,49
region,London,E12000007,2020-08-12,165,36908,163,36859,2,49
region,London,E12000007,2020-08-11,150,36743,149,36696,1,47
region,London,E12000007,2020-08-10,147,36593,145,36547,2,46
region,London,E12000007,2020-08-09,69,36446,68,36402,1,44
region,London,E12000007,2020-08-08,56,36377,55,36334,1,43
region,London,E12000007,2020-08-07,126,36321,124,36279,2,42
region,London,E12000007,2020-08-06,108,36195,105,36155,3,40
region,London,E12000007,2020-08-05,119,36087,114,36050,5,37
region,London,E12000007,2020-08-04,106,35968,104,35936,2,32
region,London,E12000007,2020-08-03,89,35862,89,35832,0,30
region,London,E12000007,2020-08-02,76,35773,75,35743,1,30
region,London,E12000007,2020-08-01,59,35697,59,35668,0,29
region,London,E12000007,2020-07-31,77,35638,75,35609,2,29
region,London,E12000007,2020-07-30,104,35561,102,35534,2,27
region,London,E12000007,2020-07-29,103,35457,102,35432,1,25
region,London,E12000007,2020-07-28,100,35354,99,35330,1,24
region,London,E12000007,2020-07-27,101,35254,100,35231,1,23
region,London,E12000007,2020-07-26,64,35153,64,35131,0,22
region,London,E12000007,2020-07-25,57,35089,57,35067,0,22
region,London,E12000007,2020-07-24,84,35032,81,35010,3,22
region,London,E12000007,2020-07-23,70,34948,70,34929,0,19
region,London,E12000007,2020-07-22,85,34878,82,34859,3,19
region,London,E12000007,2020-07-21,81,34793,81,34777,0,16
region,London,E12000007,2020-07-20,102,34712,99,34696,3,16
region,London,E12000007,2020-07-19,42,34610,41,34597,1,13
region,London,E12000007,2020-07-18,48,34568,47,34556,1,12
region,London,E12000007,2020-07-17,48,34520,48,34509,0,11
region,London,E12000007,2020-07-16,70,34472,70,34461,0,11
region,London,E12000007,2020-07-15,76,34402,76,34391,0,11
region,London,E12000007,2020-07-14,63,34326,63,34315,0,11
region,London,E12000007,2020-07-13,85,34263,85,34252,0,11
region,London,E12000007,2020-07-12,38,34178,38,34167,0,11
region,London,E12000007,2020-07-11,20,34140,20,34129,0,11
region,London,E12000007,2020-07-10,39,34120,39,34109,0,11
region,London,E12000007,2020-07-09,54,34081,53,34070,1,11
region,London,E12000007,2020-07-08,59,34027,57,34017,2,10
region,London,E12000007,2020-07-07,60,33968,60,33960,0,8
region,London,E12000007,2020-07-06,55,33908,54,33900,1,8
region,London,E12000007,2020-07-05,52,33853,51,33846,1,7
region,London,E12000007,2020-07-04,32,33801,32,33795,0,6
region,London,E12000007,2020-07-03,38,33769,37,33763,1,6
region,London,E12000007,2020-07-02,43,33731,40,33726,3,5
region,London,E12000007,2020-07-01,43,33688,42,33686,1,2
region,London,E12000007,2020-06-30,52,33645,52,33644,0,1
region,London,E12000007,2020-06-29,59,33593,58,33592,1,1
region,London,E12000007,2020-06-28,22,33534,22,33534,,
region,London,E12000007,2020-06-27,32,33512,32,33512,,
region,London,E12000007,2020-06-26,48,33480,48,33480,,
region,London,E12000007,2020-06-25,58,33432,58,33432,,
region,London,E12000007,2020-06-24,46,33374,46,33374,,
region,London,E12000007,2020-06-23,50,33328,50,33328,,
region,London,E12000007,2020-06-22,53,33278,53,33278,,
region,London,E12000007,2020-06-21,26,33225,26,33225,,
region,London,E12000007,2020-06-20,29,33199,29,33199,,
region,London,E12000007,2020-06-19,38,33170,38,33170,,
region,London,E12000007,2020-06-18,47,33132,47,33132,,
region,London,E12000007,2020-06-17,42,33085,42,33085,,
region,London,E12000007,2020-06-16,47,33043,47,33043,,
region,London,E12000007,2020-06-15,40,32996,40,32996,,
region,London,E12000007,2020-06-14,30,32956,30,32956,,
region,London,E12000007,2020-06-13,39,32926,39,32926,,
region,London,E12000007,2020-06-12,53,32887,53,32887,,
region,London,E12000007,2020-06-11,46,32834,46,32834,,
region,London,E12000007,2020-06-10,52,32788,52,32788,,
region,London,E12000007,2020-06-09,71,32736,71,32736,,
region,London,E12000007,2020-06-08,55,32665,55,32665,,
region,London,E12000007,2020-06-07,45,32610,45,32610,,
region,London,E12000007,2020-06-06,46,32565,46,32565,,
region,London,E12000007,2020-06-05,46,32519,46,32519,,
region,London,E12000007,2020-06-04,57,32473,57,32473,,
region,London,E12000007,2020-06-03,78,32416,78,32416,,
region,London,E12000007,2020-06-02,50,32338,50,32338,,
region,London,E12000007,2020-06-01,49,32288,49,32288,,
region,London,E12000007,2020-05-31,37,32239,37,32239,,
region,London,E12000007,2020-05-30,38,32202,38,32202,,
region,London,E12000007,2020-05-29,57,32164,57,32164,,
region,London,E12000007,2020-05-28,74,32107,74,32107,,
region,London,E12000007,2020-05-27,83,32033,83,32033,,
region,London,E12000007,2020-05-26,64,31950,64,31950,,
region,London,E12000007,2020-05-25,58,31886,58,31886,,
region,London,E12000007,2020-05-24,51,31828,51,31828,,
region,London,E12000007,2020-05-23,64,31777,64,31777,,
region,London,E12000007,2020-05-22,86,31713,86,31713,,
region,London,E12000007,2020-05-21,157,31627,157,31627,,
region,London,E12000007,2020-05-20,141,31470,141,31470,,
region,London,E12000007,2020-05-19,128,31329,128,31329,,
region,London,E12000007,2020-05-18,113,31201,113,31201,,
region,London,E12000007,2020-05-17,79,31088,79,31088,,
region,London,E12000007,2020-05-16,74,31009,74,31009,,
region,London,E12000007,2020-05-15,132,30935,132,30935,,
region,London,E12000007,2020-05-14,159,30803,159,30803,,
region,London,E12000007,2020-05-13,203,30644,203,30644,,
region,London,E12000007,2020-05-12,191,30441,191,30441,,
region,London,E12000007,2020-05-11,160,30250,160,30250,,
region,London,E12000007,2020-05-10,123,30090,123,30090,,
region,London,E12000007,2020-05-09,128,29967,128,29967,,
region,London,E12000007,2020-05-08,208,29839,208,29839,,
region,London,E12000007,2020-05-07,273,29631,273,29631,,
region,London,E12000007,2020-05-06,267,29358,267,29358,,
region,London,E12000007,2020-05-05,216,29091,216,29091,,
region,London,E12000007,2020-05-04,245,28875,245,28875,,
region,London,E12000007,2020-05-03,170,28630,170,28630,,
region,London,E12000007,2020-05-02,248,28460,248,28460,,
region,London,E12000007,2020-05-01,355,28212,355,28212,,
region,London,E12000007,2020-04-30,426,27857,426,27857,,
region,London,E12000007,2020-04-29,432,27431,432,27431,,
region,London,E12000007,2020-04-28,311,26999,311,26999,,
region,London,E12000007,2020-04-27,418,26688,418,26688,,
region,London,E12000007,2020-04-26,310,26270,310,26270,,
region,London,E12000007,2020-04-25,332,25960,332,25960,,
region,London,E12000007,2020-04-24,375,25628,375,25628,,
region,London,E12000007,2020-04-23,520,25253,520,25253,,
region,London,E12000007,2020-04-22,399,24733,399,24733,,
region,London,E12000007,2020-04-21,463,24334,463,24334,,
region,London,E12000007,2020-04-20,425,23871,425,23871,,
region,London,E12000007,2020-04-19,398,23446,398,23446,,
region,London,E12000007,2020-04-18,401,23048,401,23048,,
region,London,E12000007,2020-04-17,577,22647,577,22647,,
region,London,E12000007,2020-04-16,574,22070,574,22070,,
region,London,E12000007,2020-04-15,657,21496,657,21496,,
region,London,E12000007,2020-04-14,600,20839,600,20839,,
region,London,E12000007,2020-04-13,601,20239,601,20239,,
region,London,E12000007,2020-04-12,502,19638,502,19638,,
region,London,E12000007,2020-04-11,518,19136,518,19136,,
region,London,E12000007,2020-04-10,622,18618,622,18618,,
region,London,E12000007,2020-04-09,791,17996,791,17996,,
region,London,E12000007,2020-04-08,867,17205,867,17205,,
region,London,E12000007,2020-04-07,946,16338,946,16338,,
region,London,E12000007,2020-04-06,858,15392,858,15392,,
region,London,E12000007,2020-04-05,636,14534,636,14534,,
region,London,E12000007,2020-04-04,765,13898,765,13898,,
region,London,E12000007,2020-04-03,984,13133,984,13133,,
region,London,E12000007,2020-04-02,1063,12149,1063,12149,,
region,London,E12000007,2020-04-01,977,11086,977,11086,,
region,London,E12000007,2020-03-31,935,10109,935,10109,,
region,London,E12000007,2020-03-30,848,9174,848,9174,,
region,London,E12000007,2020-03-29,596,8326,596,8326,,
region,London,E12000007,2020-03-28,577,7730,577,7730,,
region,London,E12000007,2020-03-27,818,7153,818,7153,,
region,London,E12000007,2020-03-26,740,6335,740,6335,,
region,London,E12000007,2020-03-25,752,5595,752,5595,,
region,London,E12000007,2020-03-24,636,4843,636,4843,,
region,London,E12000007,2020-03-23,685,4207,685,4207,,
region,London,E12000007,2020-03-22,439,3522,439,3522,,
region,London,E12000007,2020-03-21,348,3083,348,3083,,
region,London,E12000007,2020-03-20,424,2735,424,2735,,
region,London,E12000007,2020-03-19,332,2311,332,2311,,
region,London,E12000007,2020-03-18,357,1979,357,1979,,
region,London,E12000007,2020-03-17,310,1622,310,1622,,
region,London,E12000007,2020-03-16,237,1312,237,1312,,
region,London,E12000007,2020-03-15,165,1075,165,1075,,
region,London,E12000007,2020-03-14,149,910,149,910,,
region,London,E12000007,2020-03-13,138,761,138,761,,
region,London,E12000007,2020-03-12,167,623,167,623,,
region,London,E12000007,2020-03-11,183,456,183,456,,
region,London,E12000007,2020-03-10,95,273,95,273,,
region,London,E12000007,2020-03-09,54,178,54,178,,
region,London,E12000007,2020-03-08,22,124,22,124,,
region,London,E12000007,2020-03-07,14,102,14,102,,
region,London,E12000007,2020-03-06,23,88,23,88,,
region,London,E12000007,2020-03-05,13,65,13,65,,
region,London,E12000007,2020-03-04,15,52,15,52,,
region,London,E12000007,2020-03-03,6,37,6,37,,
region,London,E12000007,2020-03-02,12,31,12,31,,
region,London,E12000007,2020-03-01,3,19,3,19,,
region,London,E12000007,2020-02-29,1,16,1,16,,
region,London,E12000007,2020-02-28,0,15,0,15,,
region,London,E12000007,2020-02-27,1,15,1,15,,
region,London,E12000007,2020-02-26,0,14,0,14,,
region,London,E12000007,2020-02-25,1,14,1,14,,
region,London,E12000007,2020-02-24,1,13,1,13,,
region,London,E12000007,2020-02-23,3,12,3,12,,
region,London,E12000007,2020-02-22,0,9,0,9,,
region,London,E12000007,2020-02-21,1,9,1,9,,
region,London,E12000007,2020-02-20,0,8,0,8,,
region,London,E12000007,2020-02-19,0,8,0,8,,
region,London,E12000007,2020-02-18,0,8,0,8,,
region,London,E12000007,2020-02-17,1,8,1,8,,
region,London,E12000007,2020-02-16,0,7,0,7,,
region,London,E12000007,2020-02-15,0,7,0,7,,
region,London,E12000007,2020-02-14,0,7,0,7,,
region,London,E12000007,2020-02-13,1,7,1,7,,
region,London,E12000007,2020-02-12,0,6,0,6,,
region,London,E12000007,2020-02-11,4,6,4,6,,
region,London,E12000007,2020-02-10,1,2,1,2,,
region,London,E12000007,2020-02-09,0,1,0,1,,
region,London,E12000007,2020-02-08,0,1,0,1,,
region,London,E12000007,2020-02-07,0,1,0,1,,
region,London,E12000007,2020-02-06,0,1,0,1,,
region,London,E12000007,2020-02-05,0,1,0,1,,
region,London,E12000007,2020-02-04,0,1,0,1,,
region,London,E12000007,2020-02-03,1,1,1,1,,
